"PK","SK","category","contextualSubtitle","created_at","definitions","difficulty","examples","id","learningPaths","relatedTerms","title","updated_at","visualCue"
"TERM#churn","META","Growth","","1750498254","{""basic"":{""S"":""Churn rate is the percentage of customers who stop using your product over a given period.""},""contextual"":{""S"":""For founders, churn is the enemy of growth. High churn means your growth efforts are like filling a leaky bucket.""},""metaphor"":{""S"":""Churn is like holes in a bucket - no matter how fast you pour water in (acquire customers), it keeps leaking out the bottom.""}}","3","{""generic"":{""S"":""If you start with 100 customers and 5 cancel in a month, your monthly churn is 5%.""},""startup"":{""S"":""Your SaaS reduced churn from 8% to 3% monthly by improving onboarding, dramatically improving unit economics.""}}","churn","[{""S"":""growth""},{""S"":""saas""}]","[{""S"":""retention""},{""S"":""ltv""},{""S"":""cohort""}]","Churn Rate","1750498254",""
"TERM#cash-flow","META","Cash Flow","Your operating cash flow last month was {ocf}.","1753888214","{""basic"":{""S"":""Cash flow is the net amount of cash and cash-equivalents being transferred into and out of a business.""},""contextual"":{""S"":""Cash is king. Unlike profit, which can include non-cash items, cash flow is the real money you have to pay bills, salaries, and invest in growth. A profitable company can go bankrupt from poor cash flow.""},""metaphor"":{""S"":""Think of cash flow as the breathing of your business. Cash in is inhaling, cash out is exhaling. You need to inhale more than you exhale to stay alive.""}}","2","{""generic"":{""S"":""A business receives $100k and spends $80k in a month, resulting in $20k positive cash flow.""},""startup"":{""S"":""Last month, your operations generated a net cash flow of {ocf}.""}}","cash-flow","[{""S"":""fundamentals""}]","[{""S"":""burn-rate""},{""S"":""runway""},{""S"":""working-capital""}]","Cash Flow","1753888214","DailyCashFlowChart"
"TERM#expense-ratio","META","Fundamentals","""Your expense ratio is {expense_ratio}%, showing how much of revenue goes to expenses.""","1760963587","{""basic"":{""S"":""Expense ratio is the percentage of revenue consumed by total operating expenses. It shows what portion of each dollar earned goes toward running the business.""},""contextual"":{""S"":""For founders, keeping expense ratio under control is crucial for profitability. A lower ratio means more revenue converts to profit. High-growth companies often have higher ratios as they invest in growth.""},""metaphor"":{""S"":""Expense ratio is like checking how much of every dollar you earn gets eaten up by your bills and expenses. If it's 60%, then 60 cents of every dollar goes right back out the door.""}}","2","{""generic"":{""S"":""A company with $1M revenue and $600k in operating expenses has a 60% expense ratio.""},""startup"":{""S"":""Your expense ratio of {expense_ratio}% means that for every dollar of revenue, {expense_ratio} cents go to operating expenses.""}}","expense-ratio","[{""S"":""fundamentals""}]","[{""S"":""gross-margin""},{""S"":""operating-margin""},{""S"":""burn-rate""}]","Expense Ratio","1760963587","RevenueChart"
"TERM#cash_balance","META","Cash Flow","Your current cash balance across all accounts is {cash_balance}.","1753888215","{""basic"":{""S"":""Cash balance is the total amount of money a company has on hand, including cash in bank accounts and any other cash equivalents.""},""contextual"":{""S"":""This is your most critical asset. It's the real, liquid capital you have available to run your business day-to-day.""},""metaphor"":{""S"":""Your cash balance is the amount of water you have in your canteen. It determines how far you can travel before you need to find a new spring.""}}","2","{""generic"":{""S"":""A company has $1M in its bank accounts.""},""startup"":{""S"":""Your real-time cash balance is currently {cash_balance}. This is the total liquid capital available for operations.""}}","cash_balance","[{""S"":""fundamentals""}]","[{""S"":""runway""},{""S"":""cash-flow""},{""S"":""ocf""}]","Cash Balance","1753888215","DailyCashFlowChart"
"TERM#ocf","META","Cash Flow","Last month's operating cash flow was {ocf}.","1753888215","{""basic"":{""S"":""Operating Cash Flow (OCF) is the amount of cash generated by a company's normal business operations.""},""contextual"":{""S"":""OCF is a key indicator of a company's financial health. A positive OCF means your core business is generating enough cash to sustain and grow itself without needing external financing.""},""metaphor"":{""S"":""If your business is a tree, OCF is the fruit it produces naturally each season, separate from any money you might borrow or get from investors.""}}","2","{""generic"":{""S"":""A business generated $50,000 from its main operations after accounting for cash expenses.""},""startup"":{""S"":""The cash generated from your core business last month was {ocf}. A positive number indicates operational health.""}}","ocf","[{""S"":""fundamentals""}]","[{""S"":""cash_balance""},{""S"":""profit""},{""S"":""revenue""}]","Operating Cash Flow","1753888215","DailyCashFlowChart"
"TERM#revenue","META","Fundamentals","Your total revenue last period was {total_revenue}. Let's break that down.","1753888213","{""basic"":{""S"":""Revenue is the total amount of money your business brings in from selling products or services.""},""contextual"":{""S"":""For founders, revenue is your business's lifeline - it's proof that customers value what you're building and are willing to pay for it.""},""metaphor"":{""S"":""Think of revenue like water flowing into a bucket. The faster it flows and the bigger the stream, the fuller your bucket gets.""}}","2","{""generic"":{""S"":""A coffee shop sells 100 cups at $5 each, generating $500 in revenue for the day.""},""startup"":{""S"":""In the last reporting period, your business generated {total_revenue} in total revenue.""}}","revenue","[{""S"":""fundamentals""}]","[{""S"":""profit""},{""S"":""gross-margin""},{""S"":""arr""}]","Revenue","1753888213","RevenueChart"
"TERM#net-income","META","Fundamentals","""Your net income is {net_income}, the bottom line after all expenses.""","1760963588","{""basic"":{""S"":""Net income, also called the 'bottom line,' is what remains after all expenses, including operating costs, interest, taxes, and depreciation, have been subtracted from total revenue.""},""contextual"":{""S"":""For founders, net income is the ultimate measure of profitability. Positive net income means your business is truly profitable. Negative net income (a loss) indicates you're burning more than you're earning, which is common for growth-stage startups but unsustainable long-term.""},""metaphor"":{""S"":""Net income is the bottom of the funnel - everything flows in at the top (revenue), but after the business, the tax man, and the bank all take their cut, this is what actually lands in your pocket.""}}","2","{""generic"":{""S"":""A company with $1M revenue and $900k in all expenses has $100k net income.""},""startup"":{""S"":""Your net income of {net_income} represents your true profitability after accounting for every cost of doing business.""}}","net-income","[{""S"":""fundamentals""}]","[{""S"":""profit""},{""S"":""revenue""},{""S"":""gross-margin""}]","Net Income","1760963588","RevenueChart"
"TERM#asset-turnover","META","Efficiency","""Your asset turnover is {asset_turnover}, measuring asset efficiency.""","1760963594","{""basic"":{""S"":""Asset Turnover measures how efficiently a company uses its assets to generate revenue. It's calculated as Revenue ÷ Total Assets.""},""contextual"":{""S"":""For founders, higher asset turnover means you're generating more revenue per dollar of assets - a sign of operational efficiency. Software companies typically have high ratios, while capital-intensive businesses have lower ratios. What matters is the trend and comparison to industry peers.""},""metaphor"":{""S"":""Asset turnover is like measuring how many miles you get per gallon of gas - it shows how efficiently you're using your resources.""}}","3","{""generic"":{""S"":""A company with $2M revenue and $1M in assets has an asset turnover of 2.0.""},""startup"":{""S"":""Your asset turnover of {asset_turnover} means you generate ${asset_turnover} in revenue for every dollar of assets.""}}","asset-turnover","[{""S"":""efficiency""}]","[{""S"":""revenue""},{""S"":""return-on-equity""},{""S"":""equity-multiplier""}]","Asset Turnover","1760963594","null"
"TERM#revenue-growth","META","Growth","Your revenue grew by {revenue_growth}% compared to the previous period.","1760963588","{""basic"":{""S"":""Revenue growth is the percentage increase or decrease in revenue compared to a previous period.""},""contextual"":{""S"":""For founders and investors, revenue growth is a key indicator of market demand and business momentum. Consistent growth shows product-market fit and scalability.""},""metaphor"":{""S"":""Think of revenue growth as measuring how much faster you're running this lap compared to the last one. A 50% growth rate means you're running 1.5x faster than before.""}}","2","{""generic"":{""S"":""A company that grew from $100k to $150k in quarterly revenue has 50% revenue growth.""},""startup"":{""S"":""Your revenue increased by {revenue_growth}% this period, demonstrating {revenue_growth > 20 ? 'strong' : revenue_growth > 0 ? 'positive' : 'challenging'} market traction.""}}","revenue-growth","[{""S"":""fundamentals""},{""S"":""growth""}]","[{""S"":""revenue""},{""S"":""arr""},{""S"":""mrr""}]","Revenue Growth","1760963588","RevenueChart"
"TERM#expense-growth","META","Fundamentals","Your expenses grew by {expense_growth}% compared to the previous period.","1760963588","{""basic"":{""S"":""Expense growth is the percentage increase or decrease in total operating expenses compared to a previous period.""},""contextual"":{""S"":""For founders, expense growth should be watched carefully relative to revenue growth. Expenses growing faster than revenue erode margins and burn cash faster. Controlled expense growth shows operational discipline.""},""metaphor"":{""S"":""Expense growth is like your household bills getting bigger each month. If your bills grow 30% but your salary only grows 10%, you're heading for trouble.""}}","2","{""generic"":{""S"":""A company's expenses increased from $80k to $100k, showing 25% expense growth.""},""startup"":{""S"":""Your expenses grew by {expense_growth}% while revenue grew by {revenue_growth}%. {expense_growth > revenue_growth ? 'Consider optimizing spending to improve unit economics.' : 'You're maintaining good expense discipline.'}""}}","expense-growth","[{""S"":""fundamentals""}]","[{""S"":""burn-rate""},{""S"":""expense-ratio""},{""S"":""revenue-growth""}]","Expense Growth","1760963588","RevenueChart"
"TERM#arr","META","Growth","","1750498254","{""basic"":{""S"":""ARR is the value of recurring revenue normalized to a one-year period.""},""contextual"":{""S"":""For SaaS founders, ARR is the north star metric. It represents predictable revenue and is crucial for fundraising and valuation.""},""metaphor"":{""S"":""ARR is like having a subscription to predictable income - it's the annual value of all your recurring customer relationships.""}}","3","{""generic"":{""S"":""A company with 100 customers paying $100/month has $120k ARR.""},""startup"":{""S"":""Your SaaS grew from $100k to $500k ARR in 12 months, showing strong product-market fit.""}}","arr","[{""S"":""growth""},{""S"":""saas""}]","[{""S"":""mrr""},{""S"":""revenue""},{""S"":""churn""}]","ARR (Annual Recurring Revenue)","1750498254",""
"TERM#burn-rate","META","Cash Flow","""Your gross burn rate is {burn_rate} per month, affecting your runway of {runway_months} months.""","1753888214","{""basic"":{""S"":""Gross burn rate is the total amount of operating expenses a company incurs each month, regardless of revenue. It represents your total monthly cash outflow from operations.""},""contextual"":{""S"":""Understanding your gross burn rate is essential for managing your runway. It tells you exactly how much cash you need each month to keep the lights on, regardless of how much revenue you're generating. This metric helps you plan for worst-case scenarios and understand your true cost structure.""},""metaphor"":{""S"":""Think of gross burn rate as your monthly \""cost of existence\"" - like knowing your total monthly bills at home regardless of your income. It's the baseline amount you need to survive each month.""}}","2","{""generic"":{""S"":""A startup with $30k in salaries, $10k in rent, and $10k in other monthly expenses has a gross burn rate of $50k/month.""},""startup"":{""S"":""Your current gross burn rate is {burn_rate} per month. This is calculated as the sum of all your monthly operating expenses. With {cash_balance} in the bank, this gives you approximately {runway_months} months of runway.""}}","burn-rate","[{""S"":""fundamentals""}]","[{""S"":""runway""},{""S"":""cash-flow""},{""S"":""expenses""}]","Gross Burn Rate","1753888214","DailyCashFlowChart"
"TERM#working-capital","META","Liquidity","""Your working capital is {working_capital}, funding daily operations.""","1760963593","{""basic"":{""S"":""Working Capital is the difference between current assets and current liabilities. It represents the capital available to fund day-to-day operations.""},""contextual"":{""S"":""For founders, working capital is the cushion that keeps your business running smoothly. Positive working capital means you have more short-term assets than obligations. Negative working capital can signal liquidity issues unless you have a business model that collects cash before paying suppliers (like Amazon).""},""metaphor"":{""S"":""Working capital is like the cash cushion in your wallet after setting aside money for upcoming bills. It's your financial breathing room for daily operations - buying supplies, paying salaries, keeping the lights on.""}}","2","{""generic"":{""S"":""A company with $500k current assets and $300k current liabilities has $200k working capital.""},""startup"":{""S"":""Your working capital of {working_capital} represents the liquid resources available for day-to-day operations.""}}","working-capital","[{""S"":""fundamentals""}]","[{""S"":""current-ratio""},{""S"":""cash_balance""},{""S"":""quick-ratio""}]","Working Capital","1760963593","null"
"TERM#cf-coverage","META","Cash Flow","""Your CF coverage ratio is {cf_coverage}, measuring debt serviceability.""","1760963591","{""basic"":{""S"":""Cash Flow Coverage Ratio measures how many times a company can pay its total debt with its operating cash flow. It's calculated as Operating Cash Flow ÷ Total Debt.""},""contextual"":{""S"":""For founders with debt, this ratio shows your ability to pay it off from operations. A ratio above 0.2 (20%) is generally considered healthy. Higher is better - it means you could theoretically pay off your debt faster.""},""metaphor"":{""S"":""CF coverage is like asking: if I put all my salary toward my credit card debt, what fraction could I pay off this year? A ratio of 0.5 means you could pay off half your debt with this year's earnings.""}}","4","{""generic"":{""S"":""A company with $500k annual operating cash flow and $2M total debt has a 0.25 CF coverage ratio.""},""startup"":{""S"":""Your CF coverage ratio of {cf_coverage} indicates you could {cf_coverage > 0.2 ? 'comfortably service' : 'face challenges servicing'} your debt from operations.""}}","cf-coverage","[{""S"":""cash-flow""}]","[{""S"":""ocf""},{""S"":""debt-ratio""},{""S"":""debt-to-equity""}]","Cash Flow Coverage Ratio","1760963591","null"
"TERM#dpo","META","Efficiency","You are currently taking an average of {dpo} days to pay your bills.","1753888215","{""basic"":{""S"":""DPO measures the average number of days it takes for a company to pay its own bills and invoices.""},""contextual"":{""S"":""For founders, a higher DPO can be a form of short-term financing, but stretching it too far can damage supplier relationships. It's a balancing act.""},""metaphor"":{""S"":""Think of DPO as how long you can \""float\"" on your suppliers' money before you have to pay up. A longer float gives you more cash flexibility.""}}","2","{""generic"":{""S"":""A company with a DPO of 60 days takes, on average, two months to pay its suppliers.""},""startup"":{""S"":""Your current DPO is {dpo} days. This means you are effectively using your payables to manage cash flow over this period.""}}","dpo","[{""S"":""fundamentals""}]","[{""S"":""dso""},{""S"":""cash-flow""},{""S"":""expenses""}]","Days Payable Outstanding (DPO)","1753888215","null"
"TERM#cash-conversion-cycle","META","Efficiency","Your cash conversion cycle is {cash_conversion_cycle} days.","1760963590","{""basic"":{""S"":""Cash Conversion Cycle (CCC) measures how many days it takes to convert investments in inventory and other resources into cash from sales. It's calculated as Days Inventory Outstanding + Days Sales Outstanding - Days Payable Outstanding.""},""contextual"":{""S"":""For founders, a shorter CCC means faster cash flow turnover and less working capital needed. It shows how efficiently you're converting investments into cash. Negative CCC (like Dell or Amazon) means you collect cash before paying suppliers - the holy grail of cash management.""},""metaphor"":{""S"":""Think of CCC as the journey from buying ingredients at the store, cooking dinner, serving guests, and finally getting paid. The faster you complete this loop, the sooner you can buy more ingredients and keep growing. Some businesses (like Amazon) get paid before they even pay for their ingredients!""}}","4","{""generic"":{""S"":""A company with 30 days inventory, 45 days receivables, and 30 days payables has a 45-day CCC (30+45-30).""},""startup"":{""S"":""Your {cash_conversion_cycle}-day cash conversion cycle shows you're turning investments into cash in {cash_conversion_cycle < 30 ? 'an efficient' : cash_conversion_cycle < 60 ? 'a reasonable' : 'an extended'} timeframe.""}}","cash-conversion-cycle","[{""S"":""efficiency""}]","[{""S"":""dso""},{""S"":""dpo""},{""S"":""working-capital""}]","Cash Conversion Cycle","1760963590","null"
"TERM#ltv","META","Growth","","1750498254","{""basic"":{""S"":""LTV is the total revenue you can expect from a customer over their entire relationship with your company.""},""contextual"":{""S"":""For founders, LTV helps you understand how much you can afford to spend acquiring customers and determines your unit economics.""},""metaphor"":{""S"":""LTV is like evaluating the total value of a friendship - not just what they give you today, but everything over the entire relationship.""}}","4","{""generic"":{""S"":""A customer paying $50/month for 2 years has an LTV of $1,200.""},""startup"":{""S"":""Your SaaS customers have an average LTV of $2,400, so you can afford to spend up to $800 on acquisition.""}}","ltv","[{""S"":""growth""},{""S"":""saas""}]","[{""S"":""cac""},{""S"":""churn""},{""S"":""arpu""}]","LTV (Lifetime Value)","1750498254",""
"TERM#debt-to-equity","META","Solvency","""Your debt to equity ratio is {debt_to_equity}, showing financial leverage.""","1760963594","{""basic"":{""S"":""Debt to Equity Ratio measures the relative proportion of shareholders' equity and debt used to finance a company's assets. It's calculated as Total Liabilities ÷ Total Equity.""},""contextual"":{""S"":""For founders, this ratio shows how much you're relying on debt versus equity to finance operations. Higher ratios mean more leverage and risk, but can amplify returns. Tech startups typically have lower ratios, while capital-intensive businesses may have higher ratios.""},""metaphor"":{""S"":""Think of debt to equity as buying a car - if you put $10k down and borrow $30k, your debt to equity is 3.0. You're leveraging 3x as much borrowed money as your own skin in the game.""}}","3","{""generic"":{""S"":""A company with $1M in liabilities and $2M in equity has a 0.5 debt to equity ratio.""},""startup"":{""S"":""Your debt to equity ratio of {debt_to_equity} indicates you're using {debt_to_equity < 1.0 ? 'more equity than debt' : 'more debt than equity'} to finance operations.""}}","debt-to-equity","[{""S"":""fundamentals""}]","[{""S"":""debt-ratio""},{""S"":""equity-multiplier""},{""S"":""cf-coverage""}]","Debt to Equity","1760963594","null"
"TERM#ocf-ratio","META","Cash Flow","""Your OCF ratio is {ocf_ratio}, measuring ability to cover liabilities.""","1760963589","{""basic"":{""S"":""Operating Cash Flow Ratio measures how many times a company can pay off its current liabilities with the cash generated from operations in a given period.""},""contextual"":{""S"":""For founders, this ratio reveals your ability to meet short-term obligations from operating cash flow alone, without relying on external financing. A ratio above 1.0 indicates strong liquidity from operations.""},""metaphor"":{""S"":""Think of OCF ratio as asking: can I pay this month's bills with this month's paycheck? A ratio of 2.0 means your paycheck is twice your bills - comfortable. Below 1.0 means you can't cover your bills from what you're earning.""}}","3","{""generic"":{""S"":""A company with $100k operating cash flow and $50k current liabilities has an OCF ratio of 2.0.""},""startup"":{""S"":""Your OCF ratio of {ocf_ratio} means your operations generate {ocf_ratio}x the cash needed to cover current liabilities.""}}","ocf-ratio","[{""S"":""cash-flow""}]","[{""S"":""ocf""},{""S"":""current-ratio""},{""S"":""quick-ratio""}]","OCF Ratio","1760963589","DailyCashFlowChart"
"TERM#gross-margin","META","Fundamentals","Your gross margin is currently {gross_margin_pct}.","1753888214","{""basic"":{""S"":""Gross margin represents the portion of revenue left over after subtracting the cost of goods sold (COGS). It is usually expressed as a percentage.""},""contextual"":{""S"":""This is a critical indicator of your pricing power and production efficiency. A healthy gross margin means you have a strong foundation to cover operating expenses and eventually turn a profit.""},""metaphor"":{""S"":""If revenue is all the money coming in the front door, gross margin is what's left after paying for the raw materials and direct labor to make your product.""}}","2","{""generic"":{""S"":""A software company with $100k revenue and $20k server costs has an 80% gross margin.""},""startup"":{""S"":""With {total_revenue} in revenue and a gross profit of {gross_profit}, your current gross margin is {gross_margin_pct}.""}}","gross-margin","[{""S"":""fundamentals""}]","[{""S"":""revenue""},{""S"":""cogs""},{""S"":""profit""}]","Gross Margin","1753888214","RevenueChart"
"TERM#cac","META","Growth","","1750498254","{""basic"":{""S"":""CAC is the total cost to acquire a new paying customer.""},""contextual"":{""S"":""For founders, CAC determines if your business model is sustainable. If CAC is higher than LTV, you're losing money on every customer.""},""metaphor"":{""S"":""CAC is like the cost of fishing - all your marketing, sales, and promotional expenses divided by the number of fish (customers) you catch.""}}","3","{""generic"":{""S"":""If you spend $10,000 on marketing and acquire 50 customers, your CAC is $200.""},""startup"":{""S"":""Your startup reduced CAC from $500 to $200 by optimizing your ad campaigns, improving unit economics.""}}","cac","[{""S"":""growth""},{""S"":""marketing""}]","[{""S"":""ltv""},{""S"":""marketing""},{""S"":""conversion""}]","CAC (Customer Acquisition Cost)","1750498254",""
"TERM#ebitda","META","Fundamentals","""Your EBITDA is {ebitda}, showing operational profitability.""","1760963588","{""basic"":{""S"":""EBITDA stands for Earnings Before Interest, Taxes, Depreciation, and Amortization. It measures a company's operating performance by focusing on earnings from core operations.""},""contextual"":{""S"":""For founders, EBITDA provides a clearer picture of operational profitability by removing the effects of financing decisions, accounting rules, and tax structures. It's particularly useful for comparing companies across different tax jurisdictions or capital structures.""},""metaphor"":{""S"":""Think of EBITDA as your business's raw earning power - like a runner's speed before considering the weight of their backpack (debt), the friction of the track (taxes), or their worn-out shoes (depreciation). It's pure operational strength.""}}","3","{""generic"":{""S"":""A company with $500k operating income, $50k depreciation, and $20k amortization has $570k EBITDA.""},""startup"":{""S"":""Your EBITDA of {ebitda} shows how much cash your core operations generate before accounting for financing and non-cash expenses.""}}","ebitda","[{""S"":""fundamentals""}]","[{""S"":""operating-margin""},{""S"":""profit""},{""S"":""cash-flow""}]","EBITDA","1760963588","RevenueChart"
"TERM#ocf-margin","META","Cash Flow","""Your OCF margin is {ocf_margin}%, showing cash generation efficiency.""","1760963591","{""basic"":{""S"":""Operating Cash Flow Margin is the percentage of revenue that converts into operating cash flow. It's calculated as (Operating Cash Flow ÷ Revenue) × 100.""},""contextual"":{""S"":""For founders, OCF margin reveals how efficiently you convert sales into actual cash. While profit margin uses accounting numbers, OCF margin shows real cash generation. High OCF margin means your business model efficiently generates cash from revenue.""},""metaphor"":{""S"":""Think of OCF margin as what percentage of the money customers give you actually makes it to your bank account. A 25% OCF margin means for every $100 in sales, $25 becomes real spendable cash in your business.""}}","3","{""generic"":{""S"":""A company with $1M revenue and $250k operating cash flow has a 25% OCF margin.""},""startup"":{""S"":""Your {ocf_margin}% OCF margin means you convert {ocf_margin}% of each revenue dollar into operating cash flow.""}}","ocf-margin","[{""S"":""cash-flow""}]","[{""S"":""ocf""},{""S"":""net_profit_margin""},{""S"":""cash-flow""}]","OCF Margin","1760963591","DailyCashFlowChart"
"TERM#dso","META","Efficiency","It currently takes you an average of {dso} days to get paid.","1753888215","{""basic"":{""S"":""DSO measures the average number of days it takes for a company to collect payment after a sale has been made.""},""contextual"":{""S"":""For founders, a high DSO means your cash is tied up in unpaid invoices, impacting your cash flow. A lower DSO is better.""},""metaphor"":{""S"":""Think of DSO as the lag time between doing the work and getting the reward. The shorter the lag, the faster you can use your earnings.""}}","2","{""generic"":{""S"":""A company with a DSO of 45 days takes, on average, a month and a half to collect its receivables.""},""startup"":{""S"":""Your current DSO is {dso} days. Shortening this cycle can significantly improve your cash position without increasing sales.""}}","dso","[{""S"":""fundamentals""}]","[{""S"":""dpo""},{""S"":""cash-flow""},{""S"":""revenue""}]","Days Sales Outstanding (DSO)","1753888215","null"
"TERM#runway","META","Cash Flow","""Your current runway is {runway_months} months, with a cash balance of {cash_balance}.""","1753888214","{""basic"":{""S"":""Runway is the length of time your company can operate before it runs out of money, assuming your current income and expenses remain constant.""},""contextual"":{""S"":""For founders, your runway is your lifeline. It is the exact number of months you have to reach profitability, secure new funding, or make difficult decisions. It's the ultimate clock you're racing against.""},""metaphor"":{""S"":""Like an airplane on a runway, it's the distance you have before you either take off (become profitable) or crash (run out of money).""}}","2","{""generic"":{""S"":""A company with $500k in the bank and a gross burn rate of $50k per month has 10 months of runway.""},""startup"":{""S"":""With your current cash balance of {cash_balance} and a gross burn rate of {burn_rate} per month, your runway is {runway_months} months.""}}","runway","[{""S"":""fundamentals""}]","[{""S"":""burn-rate""},{""S"":""cash-flow""},{""S"":""profit""}]","Cash Runway","1753888214","DailyCashFlowChart"
"TERM#equity-multiplier","META","Solvency","""Your equity multiplier is {equity_multiplier}, showing financial leverage.""","1760963594","{""basic"":{""S"":""Equity Multiplier measures the portion of a company's assets that are financed by equity. It's calculated as Total Assets ÷ Total Equity.""},""contextual"":{""S"":""For founders, the equity multiplier shows your leverage - how much you're using debt versus equity financing. A multiplier of 2.0 means you have $2 in assets for every $1 in equity. Higher multipliers indicate more leverage, which amplifies both gains and losses.""},""metaphor"":{""S"":""Equity multiplier is like a lever - if you invest $100 of your own money (equity) and control $300 in total assets, your multiplier is 3.0. You're using that lever to control 3x what you put in, but the lever swings both ways!""}}","4","{""generic"":{""S"":""A company with $3M assets and $1.5M equity has an equity multiplier of 2.0.""},""startup"":{""S"":""Your equity multiplier of {equity_multiplier} indicates you control ${equity_multiplier} in assets for every dollar of equity.""}}","equity-multiplier","[{""S"":""fundamentals""}]","[{""S"":""debt-to-equity""},{""S"":""return-on-equity""},{""S"":""asset-turnover""}]","Equity Multiplier","1760963594","null"
"TERM#current-ratio","META","Liquidity","""Your current ratio is {current_ratio}, measuring short-term financial health.""","1760963592","{""basic"":{""S"":""Current Ratio measures a company's ability to pay short-term obligations with short-term assets. It's calculated as Current Assets ÷ Current Liabilities.""},""contextual"":{""S"":""For founders, current ratio is a key liquidity indicator. A ratio above 1.0 means you have more current assets than current liabilities. Between 1.5-3.0 is generally considered healthy. Below 1.0 suggests potential liquidity problems.""},""metaphor"":{""S"":""Current ratio is like comparing your checking account balance to your credit card bill that's due next month. A ratio of 2.0 means you have twice the money needed to pay what you owe.""}}","2","{""generic"":{""S"":""A company with $300k in current assets and $200k in current liabilities has a current ratio of 1.5.""},""startup"":{""S"":""Your current ratio of {current_ratio} means you have {current_ratio}x the short-term assets needed to cover short-term obligations.""}}","current-ratio","[{""S"":""fundamentals""}]","[{""S"":""quick-ratio""},{""S"":""working-capital""},{""S"":""cash_balance""}]","Current Ratio","1760963592","null"
"TERM#debt-ratio","META","Solvency","""Your debt ratio is {debt_ratio}%, showing asset financing structure.""","1760963597","{""basic"":{""S"":""Debt Ratio measures what portion of a company's assets are financed by debt. It's calculated as (Total Liabilities ÷ Total Assets) × 100.""},""contextual"":{""S"":""For founders, the debt ratio shows your reliance on borrowed money. A ratio of 40% means 40% of assets are financed by debt, 60% by equity. Lower ratios mean less risk but potentially slower growth. Higher ratios mean more leverage and risk.""},""metaphor"":{""S"":""Debt ratio is like buying a $100k house - if you borrowed $40k (mortgage) and paid $60k cash, your debt ratio is 40%. It shows what slice of everything you own is actually owed to someone else.""}}","2","{""generic"":{""S"":""A company with $1M liabilities and $2M assets has a 50% debt ratio.""},""startup"":{""S"":""Your debt ratio of {debt_ratio}% means {debt_ratio}% of your assets are financed by debt, {100 - debt_ratio}% by equity.""}}","debt-ratio","[{""S"":""fundamentals""}]","[{""S"":""debt-to-equity""},{""S"":""cf-coverage""},{""S"":""equity-multiplier""}]","Debt Ratio","1760963597","null"
"TERM#return-on-equity","META","Profitability","""Your ROE is {roe}%, measuring return on shareholders' investment.""","1760963595","{""basic"":{""S"":""Return on Equity (ROE) measures how efficiently a company generates profit from shareholders' equity. It's calculated as (Net Income ÷ Total Equity) × 100.""},""contextual"":{""S"":""For founders and investors, ROE is a key profitability metric that shows the return generated on invested capital. Higher ROE indicates more efficient use of equity capital. An ROE above 15% is generally considered good, though this varies by industry.""},""metaphor"":{""S"":""ROE is like the interest rate on your investment. If you and your investors put in $100k (equity) and the business generates $20k profit, you earned a 20% return - better than most savings accounts!""}}","3","{""generic"":{""S"":""A company with $200k net income and $1M equity has a 20% ROE.""},""startup"":{""S"":""Your ROE of {roe}% means you generated {roe}% return on every dollar of shareholder equity this period.""}}","return-on-equity","[{""S"":""fundamentals""}]","[{""S"":""net-income""},{""S"":""equity-multiplier""},{""S"":""asset-turnover""}]","Return on Equity (ROE)","1760963595","RevenueChart"
"TERM#quick-ratio","META","Liquidity","""Your quick ratio is {quick_ratio}, the acid test of liquidity.""","1760963592","{""basic"":{""S"":""Quick Ratio, also called the Acid Test, measures the ability to pay short-term obligations with the most liquid assets (excluding inventory). It's calculated as (Current Assets - Inventory) ÷ Current Liabilities.""},""contextual"":{""S"":""For founders, quick ratio is a more conservative liquidity test than current ratio because it excludes inventory, which can be hard to convert to cash quickly. A ratio above 1.0 is ideal, meaning you can cover all short-term debts with highly liquid assets.""},""metaphor"":{""S"":""Quick ratio asks: can you pay your bills right now with just your wallet and bank account, without having to run a garage sale first? It's the real test of immediate liquidity.""}}","3","{""generic"":{""S"":""A company with $250k current assets, $50k inventory, and $200k current liabilities has a quick ratio of 1.0.""},""startup"":{""S"":""Your quick ratio of {quick_ratio} shows {quick_ratio >= 1.0 ? 'strong' : 'tight'} immediate liquidity without relying on selling inventory.""}}","quick-ratio","[{""S"":""fundamentals""}]","[{""S"":""current-ratio""},{""S"":""cash_balance""},{""S"":""working-capital""}]","Quick Ratio","1760963592","null"
"TERM#operating-margin","META","Fundamentals","""Your operating margin is {operating_margin_pct}%, showing your operational efficiency.""","1760963587","{""basic"":{""S"":""Operating margin is the percentage of revenue remaining after deducting cost of goods sold (COGS) and operating expenses, but before interest and taxes.""},""contextual"":{""S"":""This metric reveals how efficiently your core business operates. A healthy operating margin means you're covering both direct costs and overhead from your main operations, before considering financing costs.""},""metaphor"":{""S"":""Think of operating margin as what's left in your wallet after buying ingredients (COGS) and paying the chef and rent (operating expenses), but before you make your loan payment. It shows if your restaurant itself is profitable.""}}","2","{""generic"":{""S"":""A company with $1M revenue, $200k COGS, and $500k operating expenses has a 30% operating margin.""},""startup"":{""S"":""With {total_revenue} in revenue, your operating margin of {operating_margin_pct}% indicates your core business efficiency before financing costs.""}}","operating-margin","[{""S"":""fundamentals""}]","[{""S"":""gross-margin""},{""S"":""net_profit_margin""},{""S"":""ebitda""}]","Operating Margin","1760963587","RevenueChart"
"TERM#profit","META","Fundamentals","You generated {gross_profit} in profit last month.","1753888214","{""basic"":{""S"":""Profit, also known as net income, is the money a business has left over after accounting for all expenses, including taxes and interest.""},""contextual"":{""S"":""Profit is the ultimate measure of sustainability. While revenue shows demand, profit shows efficiency and the long-term viability of your business model.""},""metaphor"":{""S"":""If revenue is the food you gather, profit is what's left after you've fed yourself and your family. It's the surplus you can store for the winter.""}}","2","{""generic"":{""S"":""A company with $500k revenue and $400k in total expenses has $100k profit.""},""startup"":{""S"":""After all expenses, your business achieved a profit of {gross_profit}.""}}","profit","[{""S"":""fundamentals""}]","[{""S"":""revenue""},{""S"":""expenses""},{""S"":""ebitda""}]","Profit","1753888214","RevenueChart"
"TERM#net_profit_margin","META","Fundamentals","""Your net profit margin is {net_profit_margin}%, showing your overall profitability.""","1753866060","{""basic"":{""S"":""Net profit margin is the percentage of revenue left after all operating expenses, interest, and taxes have been deducted.""},""contextual"":{""S"":""This metric reveals the ultimate profitability of your business. A healthy net profit margin indicates strong financial management and a sustainable business model.""},""metaphor"":{""S"":""If revenue is a pie, the net profit margin is the size of the slice you get to keep after everyone else has taken their piece.""}}","2","{""generic"":{""S"":""A company with $1M in revenue and $100,000 in net profit has a 10% net profit margin.""},""startup"":{""S"":""After all costs, your net profit margin is {net_profit_margin}%, which is a direct measure of your bottom‑line profitability.""}}","net_profit_margin","[{""S"":""fundamentals""}]","[{""S"":""profit""},{""S"":""revenue""},{""S"":""gross_margin_pct""}]","Net Profit Margin","1753866060","RevenueChart"
"TERM#free-cash-flow","META","Cash Flow","""Your free cash flow is {free_cash_flow}, showing cash available after investments.""","1760963589","{""basic"":{""S"":""Free Cash Flow (FCF) is the cash a company generates after accounting for cash outflows to support operations and maintain capital assets. It's calculated as Operating Cash Flow minus Capital Expenditures.""},""contextual"":{""S"":""For founders, FCF represents the cash you truly have available to grow the business, pay down debt, return to investors, or save for a rainy day. Positive FCF means you're generating more cash than you're spending on keeping the business running.""},""metaphor"":{""S"":""Free cash flow is like your spending money after paying rent, groceries, and fixing your car. It's the cash that's truly yours to decide what to do with - save it, invest it, or treat yourself.""}}","3","{""generic"":{""S"":""A company with $150k operating cash flow and $50k in equipment purchases has $100k free cash flow.""},""startup"":{""S"":""Your free cash flow of {free_cash_flow} represents the cash available after maintaining and investing in your assets.""}}","free-cash-flow","[{""S"":""cash-flow""}]","[{""S"":""ocf""},{""S"":""cash-flow""},{""S"":""runway""}]","Free Cash Flow","1760963589","DailyCashFlowChart"